{
  "accuracy": 0.841225626740947,
  "precision": 0.8412100812212474,
  "recall": 0.841225626740947,
  "f1_score": 0.8400168735350297,
  "best_params": {
    "C": 5,
    "gamma": 0.01,
    "kernel": "rbf"
  },
  "confusion_matrix": [
    [
      42,
      0,
      1,
      3,
      0,
      0,
      3
    ],
    [
      2,
      61,
      3,
      1,
      7,
      2,
      2
    ],
    [
      0,
      5,
      49,
      2,
      3,
      1,
      2
    ],
    [
      0,
      0,
      2,
      81,
      1,
      1,
      5
    ],
    [
      0,
      8,
      3,
      6,
      53,
      0,
      1
    ],
    [
      0,
      2,
      0,
      3,
      1,
      16,
      0
    ],
    [
      0,
      0,
      0,
      0,
      0,
      0,
      0
    ]
  ],
  "classes": [
    "cardboard",
    "glass",
    "metal",
    "paper",
    "plastic",
    "trash",
    "unknown"
  ],
  "avg_inference_time_ms": 1.808083185585596,
  "rejection_rate": 3.494623655913978,
  "n_rejected": 13,
  "confidence_threshold": 0.4,
  "decision_margin_threshold": 0.5,
  "margin_stats": {
    "mean": 1.17011209040418,
    "std": 0.23437579019302365,
    "median": 1.106966241005551,
    "q25": 1.0625701125554972,
    "q10": 1.0393234885350764,
    "q05": 1.028643086397336
  }
}