{
  "accuracy": 0.9254937163375224,
  "precision": 0.9253986345037823,
  "recall": 0.9254937163375224,
  "f1_score": 0.9254015218546954,
  "best_params": {
    "C": 10,
    "gamma": "auto",
    "kernel": "rbf"
  },
  "confusion_matrix": [
    [
      181,
      3,
      1,
      0,
      3,
      0,
      2
    ],
    [
      4,
      160,
      4,
      4,
      7,
      4,
      9
    ],
    [
      1,
      6,
      176,
      2,
      1,
      3,
      3
    ],
    [
      1,
      4,
      4,
      174,
      4,
      1,
      1
    ],
    [
      4,
      6,
      2,
      3,
      161,
      2,
      10
    ],
    [
      2,
      3,
      2,
      2,
      0,
      179,
      5
    ],
    [
      0,
      0,
      0,
      0,
      0,
      0,
      0
    ]
  ],
  "classes": [
    "cardboard",
    "glass",
    "metal",
    "paper",
    "plastic",
    "trash",
    "unknown"
  ],
  "avg_inference_time_ms": 15.731188592377242,
  "rejection_rate": 2.6223776223776225,
  "n_rejected": 30,
  "confidence_threshold": 0.4,
  "decision_margin_threshold": 0.5,
  "margin_stats": {
    "mean": 1.179933832963216,
    "std": 0.23953101735249055,
    "median": 1.1155405496644963,
    "q25": 1.06910031000102,
    "q10": 1.0451080397827068,
    "q05": 1.0348158581799158
  }
}